"PAR_CODIGO(PK)","CAN_CODIGO(FK)","PAR_NOMBRE"
"000000","0000","UNDEFINED"
"010101","0101","BELLAVISTA"
"010102","0101","CAÑARIBAMBA"
"010103","0101","EL BATÁN"
"010104","0101","EL SAGRARIO"
"010105","0101","EL VECINO"
"010106","0101","GIL RAMÍREZ DÁVALOS"
"010107","0101","HUAYNACÁPAC"
"010108","0101","MACHÁNGARA"
"010109","0101","MONAY"
"010110","0101","SAN BLAS"
"010111","0101","SAN SEBASTIÁN"
"010112","0101","SUCRE"
"010113","0101","TOTORACOCHA"
"010114","0101","YANUNCAY"
"010115","0101","HERMANO MIGUEL"
"010150","0101","CUENCA"
"010151","0101","BAÑOS"
"010152","0101","CUMBE"
"010153","0101","CHAUCHA"
"010154","0101","CHECA (JIDCAY)"
"010155","0101","CHIQUINTAD"
"010156","0101","LLACAO"
"010157","0101","MOLLETURO"
"010158","0101","NULTI"
"010159","0101","OCTAVIO CORDERO PALACIOS (SANTA ROSA)"
"010160","0101","PACCHA"
"010161","0101","QUINGEO"
"010162","0101","RICAURTE"
"010163","0101","SAN JOAQUÍN"
"010164","0101","SANTA ANA"
"010165","0101","SAYAUSÍ"
"010166","0101","SIDCAY"
"010167","0101","SININCAY"
"010168","0101","TARQUI"
"010169","0101","TURI"
"010170","0101","VALLE"
"010171","0101","VICTORIA DEL PORTETE (IRQUIS)"
"010250","0102","GIRÓN"
"010251","0102","ASUNCIÓN"
"010252","0102","SAN GERARDO"
"010350","0103","GUALACEO"
"010351","0103","CHORDELEG"
"010352","0103","DANIEL CÓRDOVA TORAL (EL ORIENTE)"
"010353","0103","JADÁN"
"010354","0103","MARIANO MORENO"
"010355","0103","PRINCIPAL"
"010356","0103","REMIGIO CRESPO TORAL (GÚLAG)"
"010357","0103","SAN JUAN"
"010358","0103","ZHIDMAD"
"010359","0103","LUIS CORDERO VEGA"
"010360","0103","SIMÓN BOLÍVAR (CAB. EN GAÑANZOL)"
"010450","0104","NABÓN"
"010451","0104","COCHAPATA"
"010452","0104","EL PROGRESO (CAB.EN ZHOTA)"
"010453","0104","LAS NIEVES (CHAYA)"
"010454","0104","OÑA"
"010550","0105","PAUTE"
"010551","0105","AMALUZA"
"010552","0105","BULÁN (JOSÉ VÍCTOR IZQUIERDO)"
"010553","0105","CHICÁN (GUILLERMO ORTEGA)"
"010554","0105","EL CABO"
"010555","0105","GUACHAPALA"
"010556","0105","GUARAINAG"
"010557","0105","PALMAS"
"010558","0105","PAN"
"010559","0105","SAN CRISTÓBAL (CARLOS ORDÓÑEZ LAZO)"
"010560","0105","SEVILLA DE ORO"
"010561","0105","TOMEBAMBA"
"010562","0105","DUG DUG"
"010650","0106","PUCARÁ"
"010651","0106","CAMILO PONCE ENRÍQUEZ (CAB. EN RÍO 7 DE MOLLEPONGO)"
"010652","0106","SAN RAFAEL DE SHARUG"
"010750","0107","SAN FERNANDO"
"010751","0107","CHUMBLÍN"
"010850","0108","SANTA ISABEL (CHAGUARURCO)"
"010851","0108","ABDÓN CALDERÓN (LA UNIÓN)"
"010852","0108","EL CARMEN DE PIJILÍ"
"010853","0108","ZHAGLLI (SHAGLLI)"
"010854","0108","SAN SALVADOR DE CAÑARIBAMBA"
"010950","0109","SIGSIG"
"010951","0109","CUCHIL (CUTCHIL)"
"010952","0109","GIMA"
"010953","0109","GUEL"
"010954","0109","LUDO"
"010955","0109","SAN BARTOLOMÉ"
"010956","0109","SAN JOSÉ DE RARANGA"
"011050","0110","SAN FELIPE DE OÑA CABECERA CANTONAL"
"011051","0110","SUSUDEL"
"011150","0111","CHORDELEG"
"011151","0111","PRINCIPAL"
"011152","0111","LA UNIÓN"
"011153","0111","LUIS GALARZA ORELLANA (CAB.EN DELEGSOL)"
"011154","0111","SAN MARTÍN DE PUZHIO"
"011250","0112","EL PAN"
"011251","0112","AMALUZA"
"011252","0112","PALMAS"
"011253","0112","SAN VICENTE"
"011350","0113","SEVILLA DE ORO"
"011351","0113","AMALUZA"
"011352","0113","PALMAS"
"011450","0114","GUACHAPALA"
"011550","0115","CAMILO PONCE ENRÍQUEZ"
"011551","0115","EL CARMEN DE PIJILÍ"
"020101","0201","ÁNGEL POLIBIO CHÁVES"
"020102","0201","GABRIEL IGNACIO VEINTIMILLA"
"020103","0201","GUANUJO"
"020150","0201","GUARANDA"
"020151","0201","FACUNDO VELA"
"020152","0201","GUANUJO"
"020153","0201","JULIO E. MORENO (CATANAHUÁN GRANDE)"
"020154","0201","LAS NAVES"
"020155","0201","SALINAS"
"020156","0201","SAN LORENZO"
"020157","0201","SAN SIMÓN (YACOTO)"
"020158","0201","SANTA FÉ (SANTA FÉ)"
"020159","0201","SIMIÁTUG"
"020160","0201","SAN LUIS DE PAMBIL"
"020250","0202","CHILLANES"
"020251","0202","SAN JOSÉ DEL TAMBO (TAMBOPAMBA)"
"020350","0203","SAN JOSÉ DE CHIMBO"
"020351","0203","ASUNCIÓN (ASANCOTO)"
"020352","0203","CALUMA"
"020353","0203","MAGDALENA (CHAPACOTO)"
"020354","0203","SAN SEBASTIÁN"
"020355","0203","TELIMBELA"
"020450","0204","ECHEANDÍA"
"020550","0205","SAN MIGUEL"
"020551","0205","BALSAPAMBA"
"020552","0205","BILOVÁN"
"020553","0205","RÉGULO DE MORA"
"020554","0205","SAN PABLO (SAN PABLO DE ATENAS)"
"020555","0205","SANTIAGO"
"020556","0205","SAN VICENTE"
"020650","0206","CALUMA"
"020701","0207","LAS MERCEDES"
"020702","0207","LAS NAVES"
"020750","0207","LAS NAVES"
"030101","0301","AURELIO BAYAS MARTÍNEZ"
"030102","0301","AZOGUES"
"030103","0301","BORRERO"
"030104","0301","SAN FRANCISCO"
"030150","0301","AZOGUES"
"030151","0301","COJITAMBO"
"030152","0301","DÉLEG"
"030153","0301","GUAPÁN"
"030154","0301","JAVIER LOYOLA (CHUQUIPATA)"
"030155","0301","LUIS CORDERO"
"030156","0301","PINDILIG"
"030157","0301","RIVERA"
"030158","0301","SAN MIGUEL"
"030159","0301","SOLANO"
"030160","0301","TADAY"
"030250","0302","BIBLIÁN"
"030251","0302","NAZÓN (CAB. EN PAMPA DE DOMÍNGUEZ)"
"030252","0302","SAN FRANCISCO DE SAGEO"
"030253","0302","TURUPAMBA"
"030254","0302","JERUSALÉN"
"030350","0303","CAÑAR"
"030351","0303","CHONTAMARCA"
"030352","0303","CHOROCOPTE"
"030353","0303","GENERAL MORALES (SOCARTE)"
"030354","0303","GUALLETURO"
"030355","0303","HONORATO VÁSQUEZ (TAMBO VIEJO)"
"030356","0303","INGAPIRCA"
"030357","0303","JUNCAL"
"030358","0303","SAN ANTONIO"
"030359","0303","SUSCAL"
"030360","0303","TAMBO"
"030361","0303","ZHUD"
"030362","0303","VENTURA"
"030363","0303","DUCUR"
"030450","0304","LA TRONCAL"
"030451","0304","MANUEL J. CALLE"
"030452","0304","PANCHO NEGRO"
"030550","0305","EL TAMBO"
"030650","0306","DÉLEG"
"030651","0306","SOLANO"
"030750","0307","SUSCAL"
"040101","0401","GONZÁLEZ SUÁREZ"
"040102","0401","TULCÁN"
"040150","0401","TULCÁN"
"040151","0401","EL CARMELO (EL PUN)"
"040152","0401","HUACA"
"040153","0401","JULIO ANDRADE (OREJUELA)"
"040154","0401","MALDONADO"
"040155","0401","PIOTER"
"040156","0401","TOBAR DONOSO (LA BOCANA DE CAMUMBÍ)"
"040157","0401","TUFIÑO"
"040158","0401","URBINA (TAYA)"
"040159","0401","EL CHICAL"
"040160","0401","MARISCAL SUCRE"
"040161","0401","SANTA MARTHA DE CUBA"
"040250","0402","BOLÍVAR"
"040251","0402","GARCÍA MORENO"
"040252","0402","LOS ANDES"
"040253","0402","MONTE OLIVO"
"040254","0402","SAN VICENTE DE PUSIR"
"040255","0402","SAN RAFAEL"
"040301","0403","EL ÁNGEL"
"040302","0403","27 DE SEPTIEMBRE"
"040350","0403","EL ANGEL"
"040351","0403","EL GOALTAL"
"040352","0403","LA LIBERTAD (ALIZO)"
"040353","0403","SAN ISIDRO"
"040450","0404","MIRA (CHONTAHUASI)"
"040451","0404","CONCEPCIÓN"
"040452","0404","JIJÓN Y CAAMAÑO (CAB. EN RÍO BLANCO)"
"040453","0404","JUAN MONTALVO (SAN IGNACIO DE QUIL)"
"040501","0405","GONZÁLEZ SUÁREZ"
"040502","0405","SAN JOSÉ"
"040550","0405","SAN GABRIEL"
"040551","0405","CRISTÓBAL COLÓN"
"040552","0405","CHITÁN DE NAVARRETE"
"040553","0405","FERNÁNDEZ SALVADOR"
"040554","0405","LA PAZ"
"040555","0405","PIARTAL"
"040650","0406","HUACA"
"040651","0406","MARISCAL SUCRE"
"050101","0501","ELOY ALFARO (SAN FELIPE)"
"050102","0501","IGNACIO FLORES (PARQUE FLORES)"
"050103","0501","JUAN MONTALVO (SAN SEBASTIÁN)"
"050104","0501","LA MATRIZ"
"050105","0501","SAN BUENAVENTURA"
"050150","0501","LATACUNGA"
"050151","0501","ALAQUES (ALÁQUEZ)"
"050152","0501","BELISARIO QUEVEDO (GUANAILÍN)"
"050153","0501","GUAITACAMA (GUAYTACAMA)"
"050154","0501","JOSEGUANGO BAJO"
"050155","0501","LAS PAMPAS"
"050156","0501","MULALÓ"
"050157","0501","11 DE NOVIEMBRE (ILINCHISI)"
"050158","0501","POALÓ"
"050159","0501","SAN JUAN DE PASTOCALLE"
"050160","0501","SIGCHOS"
"050161","0501","TANICUCHÍ"
"050162","0501","TOACASO"
"050163","0501","PALO QUEMADO"
"050201","0502","EL CARMEN"
"050202","0502","LA MANÁ"
"050203","0502","EL TRIUNFO"
"050250","0502","LA MANÁ"
"050251","0502","GUASAGANDA (CAB.EN GUASAGANDA"
"050252","0502","PUCAYACU"
"050350","0503","EL CORAZÓN"
"050351","0503","MORASPUNGO"
"050352","0503","PINLLOPATA"
"050353","0503","RAMÓN CAMPAÑA"
"050450","0504","PUJILÍ"
"050451","0504","ANGAMARCA"
"050452","0504","CHUCCHILÁN (CHUGCHILÁN)"
"050453","0504","GUANGAJE"
"050454","0504","ISINLIBÍ (ISINLIVÍ)"
"050455","0504","LA VICTORIA"
"050456","0504","PILALÓ"
"050457","0504","TINGO"
"050458","0504","ZUMBAHUA"
"050550","0505","SAN MIGUEL"
"050551","0505","ANTONIO JOSÉ HOLGUÍN (SANTA LUCÍA)"
"050552","0505","CUSUBAMBA"
"050553","0505","MULALILLO"
"050554","0505","MULLIQUINDIL (SANTA ANA)"
"050555","0505","PANSALEO"
"050650","0506","SAQUISILÍ"
"050651","0506","CANCHAGUA"
"050652","0506","CHANTILÍN"
"050653","0506","COCHAPAMBA"
"050750","0507","SIGCHOS"
"050751","0507","CHUGCHILLÁN"
"050752","0507","ISINLIVÍ"
"050753","0507","LAS PAMPAS"
"050754","0507","PALO QUEMADO"
"060101","0601","LIZARZABURU"
"060102","0601","MALDONADO"
"060103","0601","VELASCO"
"060104","0601","VELOZ"
"060105","0601","YARUQUÍES"
"060150","0601","RIOBAMBA"
"060151","0601","CACHA (CAB. EN MACHÁNGARA)"
"060152","0601","CALPI"
"060153","0601","CUBIJÍES"
"060154","0601","FLORES"
"060155","0601","LICÁN"
"060156","0601","LICTO"
"060157","0601","PUNGALÁ"
"060158","0601","PUNÍN"
"060159","0601","QUIMIAG"
"060160","0601","SAN JUAN"
"060161","0601","SAN LUIS"
"060250","0602","ALAUSÍ"
"060251","0602","ACHUPALLAS"
"060252","0602","CUMANDÁ"
"060253","0602","GUASUNTOS"
"060254","0602","HUIGRA"
"060255","0602","MULTITUD"
"060256","0602","PISTISHÍ (NARIZ DEL DIABLO)"
"060257","0602","PUMALLACTA"
"060258","0602","SEVILLA"
"060259","0602","SIBAMBE"
"060260","0602","TIXÁN"
"060301","0603","CAJABAMBA"
"060302","0603","SICALPA"
"060350","0603","VILLA LA UNIÓN (CAJABAMBA)"
"060351","0603","CAÑI"
"060352","0603","COLUMBE"
"060353","0603","JUAN DE VELASCO (PANGOR)"
"060354","0603","SANTIAGO DE QUITO (CAB. EN SAN ANTONIO DE QUITO)"
"060450","0604","CHAMBO"
"060550","0605","CHUNCHI"
"060551","0605","CAPZOL"
"060552","0605","COMPUD"
"060553","0605","GONZOL"
"060554","0605","LLAGOS"
"060650","0606","GUAMOTE"
"060651","0606","CEBADAS"
"060652","0606","PALMIRA"
"060701","0607","EL ROSARIO"
"060702","0607","LA MATRIZ"
"060750","0607","GUANO"
"060751","0607","GUANANDO"
"060752","0607","ILAPO"
"060753","0607","LA PROVIDENCIA"
"060754","0607","SAN ANDRÉS"
"060755","0607","SAN GERARDO DE PACAICAGUÁN"
"060756","0607","SAN ISIDRO DE PATULÚ"
"060757","0607","SAN JOSÉ DEL CHAZO"
"060758","0607","SANTA FÉ DE GALÁN"
"060759","0607","VALPARAÍSO"
"060850","0608","PALLATANGA"
"060950","0609","PENIPE"
"060951","0609","EL ALTAR"
"060952","0609","MATUS"
"060953","0609","PUELA"
"060954","0609","SAN ANTONIO DE BAYUSHIG"
"060955","0609","LA CANDELARIA"
"060956","0609","BILBAO (CAB.EN QUILLUYACU)"
"061050","0610","CUMANDÁ"
"070101","0701","LA PROVIDENCIA"
"070102","0701","MACHALA"
"070103","0701","PUERTO BOLÍVAR"
"070104","0701","NUEVE DE MAYO"
"070105","0701","EL CAMBIO"
"070150","0701","MACHALA"
"070151","0701","EL CAMBIO"
"070152","0701","EL RETIRO"
"070250","0702","ARENILLAS"
"070251","0702","CHACRAS"
"070252","0702","LA LIBERTAD"
"070253","0702","LAS LAJAS (CAB. EN LA VICTORIA)"
"070254","0702","PALMALES"
"070255","0702","CARCABÓN"
"070350","0703","PACCHA"
"070351","0703","AYAPAMBA"
"070352","0703","CORDONCILLO"
"070353","0703","MILAGRO"
"070354","0703","SAN JOSÉ"
"070355","0703","SAN JUAN DE CERRO AZUL"
"070450","0704","BALSAS"
"070451","0704","BELLAMARÍA"
"070550","0705","CHILLA"
"070650","0706","EL GUABO"
"070651","0706","BARBONES (SUCRE)"
"070652","0706","LA IBERIA"
"070653","0706","TENDALES (CAB.EN PUERTO TENDALES)"
"070654","0706","RÍO BONITO"
"070701","0707","ECUADOR"
"070702","0707","EL PARAÍSO"
"070703","0707","HUALTACO"
"070704","0707","MILTON REYES"
"070705","0707","UNIÓN LOJANA"
"070750","0707","HUAQUILLAS"
"070850","0708","MARCABELÍ"
"070851","0708","EL INGENIO"
"070901","0709","BOLÍVAR"
"070902","0709","LOMA DE FRANCO"
"070903","0709","OCHOA LEÓN (MATRIZ)"
"070904","0709","TRES CERRITOS"
"070950","0709","PASAJE"
"070951","0709","BUENAVISTA"
"070952","0709","CASACAY"
"070953","0709","LA PEAÑA"
"070954","0709","PROGRESO"
"070955","0709","UZHCURRUMI"
"070956","0709","CAÑAQUEMADA"
"071001","0710","LA MATRIZ"
"071002","0710","LA SUSAYA"
"071003","0710","PIÑAS GRANDE"
"071050","0710","PIÑAS"
"071051","0710","CAPIRO (CAB. EN LA CAPILLA DE CAPIRO)"
"071052","0710","LA BOCANA"
"071053","0710","MOROMORO (CAB. EN EL VADO)"
"071054","0710","PIEDRAS"
"071055","0710","SAN ROQUE (AMBROSIO MALDONADO)"
"071056","0710","SARACAY"
"071150","0711","PORTOVELO"
"071151","0711","CURTINCAPA"
"071152","0711","MORALES"
"071153","0711","SALATÍ"
"071201","0712","SANTA ROSA"
"071202","0712","PUERTO JELÍ"
"071203","0712","BALNEARIO JAMBELÍ (SATÉLITE)"
"071204","0712","JUMÓN (SATÉLITE)"
"071205","0712","NUEVO SANTA ROSA"
"071250","0712","SANTA ROSA"
"071251","0712","BELLAVISTA"
"071252","0712","JAMBELÍ"
"071253","0712","LA AVANZADA"
"071254","0712","SAN ANTONIO"
"071255","0712","TORATA"
"071256","0712","VICTORIA"
"071257","0712","BELLAMARÍA"
"071350","0713","ZARUMA"
"071351","0713","ABAÑÍN"
"071352","0713","ARCAPAMBA"
"071353","0713","GUANAZÁN"
"071354","0713","GUIZHAGUIÑA"
"071355","0713","HUERTAS"
"071356","0713","MALVAS"
"071357","0713","MULUNCAY GRANDE"
"071358","0713","SINSAO"
"071359","0713","SALVIAS"
"071401","0714","LA VICTORIA"
"071402","0714","PLATANILLOS"
"071403","0714","VALLE HERMOSO"
"071450","0714","LA VICTORIA"
"071451","0714","LA LIBERTAD"
"071452","0714","EL PARAÍSO"
"071453","0714","SAN ISIDRO"
"080101","0801","BARTOLOMÉ RUIZ (CÉSAR FRANCO CARRIÓN)"
"080102","0801","5 DE AGOSTO"
"080103","0801","ESMERALDAS"
"080104","0801","LUIS TELLO (LAS PALMAS)"
"080105","0801","SIMÓN PLATA TORRES"
"080150","0801","ESMERALDAS"
"080151","0801","ATACAMES"
"080152","0801","CAMARONES (CAB. EN SAN VICENTE)"
"080153","0801","CRNEL. CARLOS CONCHA TORRES (CAB.EN HUELE)"
"080154","0801","CHINCA"
"080155","0801","CHONTADURO"
"080156","0801","CHUMUNDÉ"
"080157","0801","LAGARTO"
"080158","0801","LA UNIÓN"
"080159","0801","MAJUA"
"080160","0801","MONTALVO (CAB. EN HORQUETA)"
"080161","0801","RÍO VERDE"
"080162","0801","ROCAFUERTE"
"080163","0801","SAN MATEO"
"080164","0801","SÚA (CAB. EN LA BOCANA)"
"080165","0801","TABIAZO"
"080166","0801","TACHINA"
"080167","0801","TONCHIGÜE"
"080168","0801","VUELTA LARGA"
"080250","0802","VALDEZ (LIMONES)"
"080251","0802","ANCHAYACU"
"080252","0802","ATAHUALPA (CAB. EN CAMARONES)"
"080253","0802","BORBÓN"
"080254","0802","LA TOLA"
"080255","0802","LUIS VARGAS TORRES (CAB. EN PLAYA DE ORO)"
"080256","0802","MALDONADO"
"080257","0802","PAMPANAL DE BOLÍVAR"
"080258","0802","SAN FRANCISCO DE ONZOLE"
"080259","0802","SANTO DOMINGO DE ONZOLE"
"080260","0802","SELVA ALEGRE"
"080261","0802","TELEMBÍ"
"080262","0802","COLÓN ELOY DEL MARÍA"
"080263","0802","SAN JOSÉ DE CAYAPAS"
"080264","0802","TIMBIRÉ"
"080350","0803","MUISNE"
"080351","0803","BOLÍVAR"
"080352","0803","DAULE"
"080353","0803","GALERA"
"080354","0803","QUINGUE (OLMEDO PERDOMO FRANCO)"
"080355","0803","SALIMA"
"080356","0803","SAN FRANCISCO"
"080357","0803","SAN GREGORIO"
"080358","0803","SAN JOSÉ DE CHAMANGA (CAB.EN CHAMANGA)"
"080450","0804","ROSA ZÁRATE (QUININDÉ)"
"080451","0804","CUBE"
"080452","0804","CHURA (CHANCAMA) (CAB. EN EL YERBERO)"
"080453","0804","MALIMPIA"
"080454","0804","VICHE"
"080455","0804","LA UNIÓN"
"080550","0805","SAN LORENZO"
"080551","0805","ALTO TAMBO (CAB. EN GUADUAL)"
"080552","0805","ANCÓN (PICHANGAL) (CAB. EN PALMA REAL)"
"080553","0805","CALDERÓN"
"080554","0805","CARONDELET"
"080555","0805","5 DE JUNIO (CAB. EN UIMBI)"
"080556","0805","CONCEPCIÓN"
"080557","0805","MATAJE (CAB. EN SANTANDER)"
"080558","0805","SAN JAVIER DE CACHAVÍ (CAB. EN SAN JAVIER)"
"080559","0805","SANTA RITA"
"080560","0805","TAMBILLO"
"080561","0805","TULULBÍ (CAB. EN RICAURTE)"
"080562","0805","URBINA"
"080650","0806","ATACAMES"
"080651","0806","LA UNIÓN"
"080652","0806","SÚA (CAB. EN LA BOCANA)"
"080653","0806","TONCHIGÜE"
"080654","0806","TONSUPA"
"080750","0807","RIOVERDE"
"080751","0807","CHONTADURO"
"080752","0807","CHUMUNDÉ"
"080753","0807","LAGARTO"
"080754","0807","MONTALVO (CAB. EN HORQUETA)"
"080755","0807","ROCAFUERTE"
"080850","0808","LA CONCORDIA"
"080851","0808","MONTERREY"
"080852","0808","LA VILLEGAS"
"080853","0808","PLAN PILOTO"
"090101","0901","AYACUCHO"
"090102","0901","BOLÍVAR (SAGRARIO)"
"090103","0901","CARBO (CONCEPCIÓN)"
"090104","0901","FEBRES CORDERO"
"090105","0901","GARCÍA MORENO"
"090106","0901","LETAMENDI"
"090107","0901","NUEVE DE OCTUBRE"
"090108","0901","OLMEDO (SAN ALEJO)"
"090109","0901","ROCA"
"090110","0901","ROCAFUERTE"
"090111","0901","SUCRE"
"090112","0901","TARQUI"
"090113","0901","URDANETA"
"090114","0901","XIMENA"
"090115","0901","PASCUALES"
"090150","0901","GUAYAQUIL"
"090151","0901","CHONGÓN"
"090152","0901","JUAN GÓMEZ RENDÓN (PROGRESO)"
"090153","0901","MORRO"
"090154","0901","PASCUALES"
"090155","0901","PLAYAS (GRAL. VILLAMIL)"
"090156","0901","POSORJA"
"090157","0901","PUNÁ"
"090158","0901","TENGUEL"
"090250","0902","ALFREDO BAQUERIZO MORENO (JUJÁN)"
"090350","0903","BALAO"
"090450","0904","BALZAR"
"090550","0905","COLIMES"
"090551","0905","SAN JACINTO"
"090601","0906","DAULE"
"090602","0906","LA AURORA (SATÉLITE)"
"090603","0906","BANIFE"
"090604","0906","EMILIANO CAICEDO MARCOS"
"090605","0906","MAGRO"
"090606","0906","PADRE JUAN BAUTISTA AGUIRRE"
"090607","0906","SANTA CLARA"
"090608","0906","VICENTE PIEDRAHITA"
"090650","0906","DAULE"
"090651","0906","ISIDRO AYORA (SOLEDAD)"
"090652","0906","JUAN BAUTISTA AGUIRRE (LOS TINTOS)"
"090653","0906","LAUREL"
"090654","0906","LIMONAL"
"090655","0906","LOMAS DE SARGENTILLO"
"090656","0906","LOS LOJAS (ENRIQUE BAQUERIZO MORENO)"
"090657","0906","PIEDRAHITA (NOBOL)"
"090701","0907","ELOY ALFARO (DURÁN)"
"090702","0907","EL RECREO"
"090750","0907","ELOY ALFARO (DURÁN)"
"090850","0908","VELASCO IBARRA (EL EMPALME)"
"090851","0908","GUAYAS (PUEBLO NUEVO)"
"090852","0908","EL ROSARIO"
"090950","0909","EL TRIUNFO"
"091050","0910","MILAGRO"
"091051","0910","CHOBO"
"091052","0910","GENERAL ELIZALDE (BUCAY)"
"091053","0910","MARISCAL SUCRE (HUAQUES)"
"091054","0910","ROBERTO ASTUDILLO (CAB. EN CRUCE DE VENECIA)"
"091150","0911","NARANJAL"
"091151","0911","JESÚS MARÍA"
"091152","0911","SAN CARLOS"
"091153","0911","SANTA ROSA DE FLANDES"
"091154","0911","TAURA"
"091250","0912","NARANJITO"
"091350","0913","PALESTINA"
"091450","0914","PEDRO CARBO"
"091451","0914","VALLE DE LA VIRGEN"
"091452","0914","SABANILLA"
"091601","0916","SAMBORONDÓN"
"091602","0916","LA PUNTILLA (SATÉLITE)"
"091650","0916","SAMBORONDÓN"
"091651","0916","TARIFA"
"091850","0918","SANTA LUCÍA"
"091901","0919","BOCANA"
"091902","0919","CANDILEJOS"
"091903","0919","CENTRAL"
"091904","0919","PARAÍSO"
"091905","0919","SAN MATEO"
"091950","0919","EL SALITRE (LAS RAMAS)"
"091951","0919","GRAL. VERNAZA (DOS ESTEROS)"
"091952","0919","LA VICTORIA (ÑAUZA)"
"091953","0919","JUNQUILLAL"
"092050","0920","SAN JACINTO DE YAGUACHI"
"092051","0920","CRNEL. LORENZO DE GARAICOA (PEDREGAL)"
"092052","0920","CRNEL. MARCELINO MARIDUEÑA (SAN CARLOS)"
"092053","0920","GRAL. PEDRO J. MONTERO (BOLICHE)"
"092054","0920","SIMÓN BOLÍVAR"
"092055","0920","YAGUACHI VIEJO (CONE)"
"092056","0920","VIRGEN DE FÁTIMA"
"092150","0921","GENERAL VILLAMIL (PLAYAS)"
"092250","0922","SIMÓN BOLÍVAR"
"092251","0922","CRNEL.LORENZO DE GARAICOA (PEDREGAL)"
"092350","0923","CORONEL MARCELINO MARIDUEÑA (SAN CARLOS)"
"092450","0924","LOMAS DE SARGENTILLO"
"092451","0924","ISIDRO AYORA (SOLEDAD)"
"092550","0925","NARCISA DE JESÚS"
"092750","0927","GENERAL ANTONIO ELIZALDE (BUCAY)"
"092850","0928","ISIDRO AYORA"
"100101","1001","CARANQUI"
"100102","1001","GUAYAQUIL DE ALPACHACA"
"100103","1001","SAGRARIO"
"100104","1001","SAN FRANCISCO"
"100105","1001","LA DOLOROSA DEL PRIORATO"
"100150","1001","SAN MIGUEL DE IBARRA"
"100151","1001","AMBUQUÍ"
"100152","1001","ANGOCHAGUA"
"100153","1001","CAROLINA"
"100154","1001","LA ESPERANZA"
"100155","1001","LITA"
"100156","1001","SALINAS"
"100157","1001","SAN ANTONIO"
"100201","1002","ANDRADE MARÍN (LOURDES)"
"100202","1002","ATUNTAQUI"
"100250","1002","ATUNTAQUI"
"100251","1002","IMBAYA (SAN LUIS DE COBUENDO)"
"100252","1002","SAN FRANCISCO DE NATABUELA"
"100253","1002","SAN JOSÉ DE CHALTURA"
"100254","1002","SAN ROQUE"
"100301","1003","SAGRARIO"
"100302","1003","SAN FRANCISCO"
"100350","1003","COTACACHI"
"100351","1003","APUELA"
"100352","1003","GARCÍA MORENO (LLURIMAGUA)"
"100353","1003","IMANTAG"
"100354","1003","PEÑAHERRERA"
"100355","1003","PLAZA GUTIÉRREZ (CALVARIO)"
"100356","1003","QUIROGA"
"100357","1003","6 DE JULIO DE CUELLAJE (CAB. EN CUELLAJE)"
"100358","1003","VACAS GALINDO (EL CHURO) (CAB.EN SAN MIGUEL ALTO"
"100401","1004","JORDÁN"
"100402","1004","SAN LUIS"
"100450","1004","OTAVALO"
"100451","1004","DR. MIGUEL EGAS CABEZAS (PEGUCHE)"
"100452","1004","EUGENIO ESPEJO (CALPAQUÍ)"
"100453","1004","GONZÁLEZ SUÁREZ"
"100454","1004","PATAQUÍ"
"100455","1004","SAN JOSÉ DE QUICHINCHE"
"100456","1004","SAN JUAN DE ILUMÁN"
"100457","1004","SAN PABLO"
"100458","1004","SAN RAFAEL"
"100459","1004","SELVA ALEGRE (CAB.EN SAN MIGUEL DE PAMPLONA)"
"100550","1005","PIMAMPIRO"
"100551","1005","CHUGÁ"
"100552","1005","MARIANO ACOSTA"
"100553","1005","SAN FRANCISCO DE SIGSIPAMBA"
"100650","1006","URCUQUÍ CABECERA CANTONAL"
"100651","1006","CAHUASQUÍ"
"100652","1006","LA MERCED DE BUENOS AIRES"
"100653","1006","PABLO ARENAS"
"100654","1006","SAN BLAS"
"100655","1006","TUMBABIRO"
"110101","1101","EL SAGRARIO"
"110102","1101","SAN SEBASTIÁN"
"110103","1101","SUCRE"
"110104","1101","VALLE"
"110150","1101","LOJA"
"110151","1101","CHANTACO"
"110152","1101","CHUQUIRIBAMBA"
"110153","1101","EL CISNE"
"110154","1101","GUALEL"
"110155","1101","JIMBILLA"
"110156","1101","MALACATOS (VALLADOLID)"
"110157","1101","SAN LUCAS"
"110158","1101","SAN PEDRO DE VILCABAMBA"
"110159","1101","SANTIAGO"
"110160","1101","TAQUIL (MIGUEL RIOFRÍO)"
"110161","1101","VILCABAMBA (VICTORIA)"
"110162","1101","YANGANA (ARSENIO CASTILLO)"
"110163","1101","QUINARA"
"110201","1102","CARIAMANGA"
"110202","1102","CHILE"
"110203","1102","SAN VICENTE"
"110250","1102","CARIAMANGA"
"110251","1102","COLAISACA"
"110252","1102","EL LUCERO"
"110253","1102","UTUANA"
"110254","1102","SANGUILLÍN"
"110301","1103","CATAMAYO"
"110302","1103","SAN JOSÉ"
"110350","1103","CATAMAYO (LA TOMA)"
"110351","1103","EL TAMBO"
"110352","1103","GUAYQUICHUMA"
"110353","1103","SAN PEDRO DE LA BENDITA"
"110354","1103","ZAMBI"
"110450","1104","CELICA"
"110451","1104","CRUZPAMBA (CAB. EN CARLOS BUSTAMANTE)"
"110452","1104","CHAQUINAL"
"110453","1104","12 DE DICIEMBRE (CAB. EN ACHIOTES)"
"110454","1104","PINDAL (FEDERICO PÁEZ)"
"110455","1104","POZUL (SAN JUAN DE POZUL)"
"110456","1104","SABANILLA"
"110457","1104","TNTE. MAXIMILIANO RODRÍGUEZ LOAIZA"
"110550","1105","CHAGUARPAMBA"
"110551","1105","BUENAVISTA"
"110552","1105","EL ROSARIO"
"110553","1105","SANTA RUFINA"
"110554","1105","AMARILLOS"
"110650","1106","AMALUZA"
"110651","1106","BELLAVISTA"
"110652","1106","JIMBURA"
"110653","1106","SANTA TERESITA"
"110654","1106","27 DE ABRIL (CAB. EN LA NARANJA)"
"110655","1106","EL INGENIO"
"110656","1106","EL AIRO"
"110750","1107","GONZANAMÁ"
"110751","1107","CHANGAIMINA (LA LIBERTAD)"
"110752","1107","FUNDOCHAMBA"
"110753","1107","NAMBACOLA"
"110754","1107","PURUNUMA (EGUIGUREN)"
"110755","1107","QUILANGA (LA PAZ)"
"110756","1107","SACAPALCA"
"110757","1107","SAN ANTONIO DE LAS ARADAS (CAB. EN LAS ARADAS)"
"110801","1108","GENERAL ELOY ALFARO (SAN SEBASTIÁN)"
"110802","1108","MACARÁ (MANUEL ENRIQUE RENGEL SUQUILANDA)"
"110850","1108","MACARÁ"
"110851","1108","LARAMA"
"110852","1108","LA VICTORIA"
"110853","1108","SABIANGO (LA CAPILLA)"
"110901","1109","CATACOCHA"
"110902","1109","LOURDES"
"110950","1109","CATACOCHA"
"110951","1109","CANGONAMÁ"
"110952","1109","GUACHANAMÁ"
"110953","1109","LA TINGUE"
"110954","1109","LAURO GUERRERO"
"110955","1109","OLMEDO (SANTA BÁRBARA)"
"110956","1109","ORIANGA"
"110957","1109","SAN ANTONIO"
"110958","1109","CASANGA"
"110959","1109","YAMANA"
"111050","1110","ALAMOR"
"111051","1110","CIANO"
"111052","1110","EL ARENAL"
"111053","1110","EL LIMO (MARIANA DE JESÚS)"
"111054","1110","MERCADILLO"
"111055","1110","VICENTINO"
"111150","1111","SARAGURO"
"111151","1111","EL PARAÍSO DE CELÉN"
"111152","1111","EL TABLÓN"
"111153","1111","LLUZHAPA"
"111154","1111","MANÚ"
"111155","1111","SAN ANTONIO DE QUMBE (CUMBE)"
"111156","1111","SAN PABLO DE TENTA"
"111157","1111","SAN SEBASTIÁN DE YÚLUC"
"111158","1111","SELVA ALEGRE"
"111159","1111","URDANETA (PAQUISHAPA)"
"111160","1111","SUMAYPAMBA"
"111250","1112","SOZORANGA"
"111251","1112","NUEVA FÁTIMA"
"111252","1112","TACAMOROS"
"111350","1113","ZAPOTILLO"
"111351","1113","MANGAHURCO (CAZADEROS)"
"111352","1113","GARZAREAL"
"111353","1113","LIMONES"
"111354","1113","PALETILLAS"
"111355","1113","BOLASPAMBA"
"111450","1114","PINDAL"
"111451","1114","CHAQUINAL"
"111452","1114","12 DE DICIEMBRE (CAB.EN ACHIOTES)"
"111453","1114","MILAGROS"
"111550","1115","QUILANGA"
"111551","1115","FUNDOCHAMBA"
"111552","1115","SAN ANTONIO DE LAS ARADAS (CAB. EN LAS ARADAS)"
"111650","1116","OLMEDO"
"111651","1116","LA TINGUE"
"120101","1201","CLEMENTE BAQUERIZO"
"120102","1201","DR. CAMILO PONCE"
"120103","1201","BARREIRO"
"120104","1201","EL SALTO"
"120150","1201","BABAHOYO"
"120151","1201","BARREIRO (SANTA RITA)"
"120152","1201","CARACOL"
"120153","1201","FEBRES CORDERO (LAS JUNTAS)"
"120154","1201","PIMOCHA"
"120155","1201","LA UNIÓN"
"120250","1202","BABA"
"120251","1202","GUARE"
"120252","1202","ISLA DE BEJUCAL"
"120350","1203","MONTALVO"
"120450","1204","PUEBLOVIEJO"
"120451","1204","PUERTO PECHICHE"
"120452","1204","SAN JUAN"
"120501","1205","QUEVEDO"
"120502","1205","SAN CAMILO"
"120503","1205","SAN JOSÉ"
"120504","1205","GUAYACÁN"
"120505","1205","NICOLÁS INFANTE DÍAZ"
"120506","1205","SAN CRISTÓBAL"
"120507","1205","SIETE DE OCTUBRE"
"120508","1205","24 DE MAYO"
"120509","1205","VENUS DEL RÍO QUEVEDO"
"120510","1205","VIVA ALFARO"
"120550","1205","QUEVEDO"
"120551","1205","BUENA FÉ"
"120552","1205","MOCACHE"
"120553","1205","SAN CARLOS"
"120554","1205","VALENCIA"
"120555","1205","LA ESPERANZA"
"120650","1206","CATARAMA"
"120651","1206","RICAURTE"
"120701","1207","10 DE NOVIEMBRE"
"120750","1207","VENTANAS"
"120751","1207","QUINSALOMA"
"120752","1207","ZAPOTAL"
"120753","1207","CHACARITA"
"120754","1207","LOS ÁNGELES"
"120850","1208","VINCES"
"120851","1208","ANTONIO SOTOMAYOR (CAB. EN PLAYAS DE VINCES)"
"120852","1208","PALENQUE"
"120950","1209","PALENQUE"
"121001","1210","SAN JACINTO DE BUENA FÉ"
"121002","1210","7 DE AGOSTO"
"121003","1210","11 DE OCTUBRE"
"121050","1210","SAN JACINTO DE BUENA FÉ"
"121051","1210","PATRICIA PILAR"
"121150","1211","VALENCIA"
"121250","1212","MOCACHE"
"121350","1213","QUINSALOMA"
"130101","1301","PORTOVIEJO"
"130102","1301","12 DE MARZO"
"130103","1301","COLÓN"
"130104","1301","PICOAZÁ"
"130105","1301","SAN PABLO"
"130106","1301","ANDRÉS DE VERA"
"130107","1301","FRANCISCO PACHECO"
"130108","1301","18 DE OCTUBRE"
"130109","1301","SIMÓN BOLÍVAR"
"130150","1301","PORTOVIEJO"
"130151","1301","ABDÓN CALDERÓN (SAN FRANCISCO)"
"130152","1301","ALHAJUELA (BAJO GRANDE)"
"130153","1301","CRUCITA"
"130154","1301","PUEBLO NUEVO"
"130155","1301","RIOCHICO (RÍO CHICO)"
"130156","1301","SAN PLÁCIDO"
"130157","1301","CHIRIJOS"
"130250","1302","CALCETA"
"130251","1302","MEMBRILLO"
"130252","1302","QUIROGA"
"130301","1303","CHONE"
"130302","1303","SANTA RITA"
"130350","1303","CHONE"
"130351","1303","BOYACÁ"
"130352","1303","CANUTO"
"130353","1303","CONVENTO"
"130354","1303","CHIBUNGA"
"130355","1303","ELOY ALFARO"
"130356","1303","RICAURTE"
"130357","1303","SAN ANTONIO"
"130401","1304","EL CARMEN"
"130402","1304","4 DE DICIEMBRE"
"130450","1304","EL CARMEN"
"130451","1304","WILFRIDO LOOR MOREIRA (MAICITO)"
"130452","1304","SAN PEDRO DE SUMA"
"130550","1305","FLAVIO ALFARO"
"130551","1305","SAN FRANCISCO DE NOVILLO (CAB. EN"
"130552","1305","ZAPALLO"
"130601","1306","DR. MIGUEL MORÁN LUCIO"
"130602","1306","MANUEL INOCENCIO PARRALES Y GUALE"
"130603","1306","SAN LORENZO DE JIPIJAPA"
"130650","1306","JIPIJAPA"
"130651","1306","AMÉRICA"
"130652","1306","EL ANEGADO (CAB. EN ELOY ALFARO)"
"130653","1306","JULCUY"
"130654","1306","LA UNIÓN"
"130655","1306","MACHALILLA"
"130656","1306","MEMBRILLAL"
"130657","1306","PEDRO PABLO GÓMEZ"
"130658","1306","PUERTO DE CAYO"
"130659","1306","PUERTO LÓPEZ"
"130750","1307","JUNÍN"
"130801","1308","LOS ESTEROS"
"130802","1308","MANTA"
"130803","1308","SAN MATEO"
"130804","1308","TARQUI"
"130805","1308","ELOY ALFARO"
"130850","1308","MANTA"
"130851","1308","SAN LORENZO"
"130852","1308","SANTA MARIANITA (BOCA DE PACOCHE)"
"130901","1309","ANIBAL SAN ANDRÉS"
"130902","1309","MONTECRISTI"
"130903","1309","EL COLORADO"
"130904","1309","GENERAL ELOY ALFARO"
"130905","1309","LEONIDAS PROAÑO"
"130950","1309","MONTECRISTI"
"130951","1309","JARAMIJÓ"
"130952","1309","LA PILA"
"131050","1310","PAJÁN"
"131051","1310","CAMPOZANO (LA PALMA DE PAJÁN)"
"131052","1310","CASCOL"
"131053","1310","GUALE"
"131054","1310","LASCANO"
"131150","1311","PICHINCHA"
"131151","1311","BARRAGANETE"
"131152","1311","SAN SEBASTIÁN"
"131250","1312","ROCAFUERTE"
"131301","1313","SANTA ANA"
"131302","1313","LODANA"
"131350","1313","SANTA ANA DE VUELTA LARGA"
"131351","1313","AYACUCHO"
"131352","1313","HONORATO VÁSQUEZ (CAB. EN VÁSQUEZ)"
"131353","1313","LA UNIÓN"
"131354","1313","OLMEDO"
"131355","1313","SAN PABLO (CAB. EN PUEBLO NUEVO)"
"131401","1314","BAHÍA DE CARÁQUEZ"
"131402","1314","LEONIDAS PLAZA GUTIÉRREZ"
"131450","1314","BAHÍA DE CARÁQUEZ"
"131451","1314","CANOA"
"131452","1314","COJIMÍES"
"131453","1314","CHARAPOTÓ"
"131454","1314","10 DE AGOSTO"
"131455","1314","JAMA"
"131456","1314","PEDERNALES"
"131457","1314","SAN ISIDRO"
"131458","1314","SAN VICENTE"
"131550","1315","TOSAGUA"
"131551","1315","BACHILLERO"
"131552","1315","ANGEL PEDRO GILER (LA ESTANCILLA)"
"131650","1316","SUCRE"
"131651","1316","BELLAVISTA"
"131652","1316","NOBOA"
"131653","1316","ARQ. SIXTO DURÁN BALLÉN"
"131750","1317","PEDERNALES"
"131751","1317","COJIMÍES"
"131752","1317","10 DE AGOSTO"
"131753","1317","ATAHUALPA"
"131850","1318","OLMEDO"
"131950","1319","PUERTO LÓPEZ"
"131951","1319","MACHALILLA"
"131952","1319","SALANGO"
"132050","1320","JAMA"
"132150","1321","JARAMIJÓ"
"132250","1322","SAN VICENTE"
"132251","1322","CANOA"
"140150","1401","MACAS"
"140151","1401","ALSHI (CAB. EN 9 DE OCTUBRE)"
"140152","1401","CHIGUAZA"
"140153","1401","GENERAL PROAÑO"
"140154","1401","HUASAGA (CAB.EN WAMPUIK)"
"140155","1401","MACUMA"
"140156","1401","SAN ISIDRO"
"140157","1401","SEVILLA DON BOSCO"
"140158","1401","SINAÍ"
"140159","1401","TAISHA"
"140160","1401","ZUÑA (ZÚÑAC)"
"140161","1401","TUUTINENTZA"
"140162","1401","CUCHAENTZA"
"140163","1401","SAN JOSÉ DE MORONA"
"140164","1401","RÍO BLANCO"
"140201","1402","GUALAQUIZA"
"140202","1402","MERCEDES MOLINA"
"140250","1402","GUALAQUIZA"
"140251","1402","AMAZONAS (ROSARIO DE CUYES)"
"140252","1402","BERMEJOS"
"140253","1402","BOMBOIZA"
"140254","1402","CHIGÜINDA"
"140255","1402","EL ROSARIO"
"140256","1402","NUEVA TARQUI"
"140257","1402","SAN MIGUEL DE CUYES"
"140258","1402","EL IDEAL"
"140350","1403","GENERAL LEONIDAS PLAZA GUTIÉRREZ (LIMÓN)"
"140351","1403","INDANZA"
"140352","1403","PAN DE AZÚCAR"
"140353","1403","SAN ANTONIO (CAB. EN SAN ANTONIO CENTRO"
"140354","1403","SAN CARLOS DE LIMÓN (SAN CARLOS DEL"
"140355","1403","SAN JUAN BOSCO"
"140356","1403","SAN MIGUEL DE CONCHAY"
"140357","1403","SANTA SUSANA DE CHIVIAZA (CAB. EN CHIVIAZA)"
"140358","1403","YUNGANZA (CAB. EN EL ROSARIO)"
"140450","1404","PALORA (METZERA)"
"140451","1404","ARAPICOS"
"140452","1404","CUMANDÁ (CAB. EN COLONIA AGRÍCOLA SEVILLA DEL ORO)"
"140453","1404","HUAMBOYA"
"140454","1404","SANGAY (CAB. EN NAYAMANACA)"
"140550","1405","SANTIAGO DE MÉNDEZ"
"140551","1405","COPAL"
"140552","1405","CHUPIANZA"
"140553","1405","PATUCA"
"140554","1405","SAN LUIS DE EL ACHO (CAB. EN EL ACHO)"
"140555","1405","SANTIAGO"
"140556","1405","TAYUZA"
"140557","1405","SAN FRANCISCO DE CHINIMBIMI"
"140650","1406","SUCÚA"
"140651","1406","ASUNCIÓN"
"140652","1406","HUAMBI"
"140653","1406","LOGROÑO"
"140654","1406","YAUPI"
"140655","1406","SANTA MARIANITA DE JESÚS"
"140750","1407","HUAMBOYA"
"140751","1407","CHIGUAZA"
"140752","1407","PABLO SEXTO"
"140850","1408","SAN JUAN BOSCO"
"140851","1408","PAN DE AZÚCAR"
"140852","1408","SAN CARLOS DE LIMÓN"
"140853","1408","SAN JACINTO DE WAKAMBEIS"
"140854","1408","SANTIAGO DE PANANZA"
"140950","1409","TAISHA"
"140951","1409","HUASAGA (CAB. EN WAMPUIK)"
"140952","1409","MACUMA"
"140953","1409","TUUTINENTZA"
"140954","1409","PUMPUENTSA"
"141050","1410","LOGROÑO"
"141051","1410","YAUPI"
"141052","1410","SHIMPIS"
"141150","1411","PABLO SEXTO"
"141250","1412","SANTIAGO"
"141251","1412","SAN JOSÉ DE MORONA"
"150150","1501","TENA"
"150151","1501","AHUANO"
"150152","1501","CARLOS JULIO AROSEMENA TOLA (ZATZA-YACU)"
"150153","1501","CHONTAPUNTA"
"150154","1501","PANO"
"150155","1501","PUERTO MISAHUALLI"
"150156","1501","PUERTO NAPO"
"150157","1501","TÁLAG"
"150158","1501","SAN JUAN DE MUYUNA"
"150350","1503","ARCHIDONA"
"150351","1503","AVILA"
"150352","1503","COTUNDO"
"150353","1503","LORETO"
"150354","1503","SAN PABLO DE USHPAYACU"
"150355","1503","PUERTO MURIALDO"
"150450","1504","EL CHACO"
"150451","1504","GONZALO DíAZ DE PINEDA (EL BOMBÓN)"
"150452","1504","LINARES"
"150453","1504","OYACACHI"
"150454","1504","SANTA ROSA"
"150455","1504","SARDINAS"
"150750","1507","BAEZA"
"150751","1507","COSANGA"
"150752","1507","CUYUJA"
"150753","1507","PAPALLACTA"
"150754","1507","SAN FRANCISCO DE BORJA (VIRGILIO DÁVILA)"
"150755","1507","SAN JOSÉ DEL PAYAMINO"
"150756","1507","SUMACO"
"150950","1509","CARLOS JULIO AROSEMENA TOLA"
"160150","1601","PUYO"
"160151","1601","ARAJUNO"
"160152","1601","CANELOS"
"160153","1601","CURARAY"
"160154","1601","DIEZ DE AGOSTO"
"160155","1601","FÁTIMA"
"160156","1601","MONTALVO (ANDOAS)"
"160157","1601","POMONA"
"160158","1601","RÍO CORRIENTES"
"160159","1601","RÍO TIGRE"
"160160","1601","SANTA CLARA"
"160161","1601","SARAYACU"
"160162","1601","SIMÓN BOLÍVAR (CAB. EN MUSHULLACTA)"
"160163","1601","TARQUI"
"160164","1601","TENIENTE HUGO ORTIZ"
"160165","1601","VERACRUZ (INDILLAMA) (CAB. EN INDILLAMA)"
"160166","1601","EL TRIUNFO"
"160250","1602","MERA"
"160251","1602","MADRE TIERRA"
"160252","1602","SHELL"
"160350","1603","SANTA CLARA"
"160351","1603","SAN JOSÉ"
"160450","1604","ARAJUNO"
"160451","1604","CURARAY"
"170101","1701","BELISARIO QUEVEDO"
"170102","1701","CARCELÉN"
"170103","1701","CENTRO HISTÓRICO"
"170104","1701","COCHAPAMBA"
"170105","1701","COMITÉ DEL PUEBLO"
"170106","1701","COTOCOLLAO"
"170107","1701","CHILIBULO"
"170108","1701","CHILLOGALLO"
"170109","1701","CHIMBACALLE"
"170110","1701","EL CONDADO"
"170111","1701","GUAMANÍ"
"170112","1701","IÑAQUITO"
"170113","1701","ITCHIMBÍA"
"170114","1701","JIPIJAPA"
"170115","1701","KENNEDY"
"170116","1701","LA ARGELIA"
"170117","1701","LA CONCEPCIÓN"
"170118","1701","LA ECUATORIANA"
"170119","1701","LA FERROVIARIA"
"170120","1701","LA LIBERTAD"
"170121","1701","LA MAGDALENA"
"170122","1701","LA MENA"
"170123","1701","MARISCAL SUCRE"
"170124","1701","PONCEANO"
"170125","1701","PUENGASÍ"
"170126","1701","QUITUMBE"
"170127","1701","RUMIPAMBA"
"170128","1701","SAN BARTOLO"
"170129","1701","SAN ISIDRO DEL INCA"
"170130","1701","SAN JUAN"
"170131","1701","SOLANDA"
"170132","1701","TURUBAMBA"
"170150","1701","QUITO DISTRITO METROPOLITANO"
"170151","1701","ALANGASÍ"
"170152","1701","AMAGUAÑA"
"170153","1701","ATAHUALPA"
"170154","1701","CALACALÍ"
"170155","1701","CALDERÓN"
"170156","1701","CONOCOTO"
"170157","1701","CUMBAYÁ"
"170158","1701","CHAVEZPAMBA"
"170159","1701","CHECA"
"170160","1701","EL QUINCHE"
"170161","1701","GUALEA"
"170162","1701","GUANGOPOLO"
"170163","1701","GUAYLLABAMBA"
"170164","1701","LA MERCED"
"170165","1701","LLANO CHICO"
"170166","1701","LLOA"
"170167","1701","MINDO"
"170168","1701","NANEGAL"
"170169","1701","NANEGALITO"
"170170","1701","NAYÓN"
"170171","1701","NONO"
"170172","1701","PACTO"
"170173","1701","PEDRO VICENTE MALDONADO"
"170174","1701","PERUCHO"
"170175","1701","PIFO"
"170176","1701","PÍNTAG"
"170177","1701","POMASQUI"
"170178","1701","PUÉLLARO"
"170179","1701","PUEMBO"
"170180","1701","SAN ANTONIO"
"170181","1701","SAN JOSÉ DE MINAS"
"170182","1701","SAN MIGUEL DE LOS BANCOS"
"170183","1701","TABABELA"
"170184","1701","TUMBACO"
"170185","1701","YARUQUÍ"
"170186","1701","ZAMBIZA"
"170187","1701","PUERTO QUITO"
"170201","1702","AYORA"
"170202","1702","CAYAMBE"
"170203","1702","JUAN MONTALVO"
"170250","1702","CAYAMBE"
"170251","1702","ASCÁZUBI"
"170252","1702","CANGAHUA"
"170253","1702","OLMEDO (PESILLO)"
"170254","1702","OTÓN"
"170255","1702","SANTA ROSA DE CUZUBAMBA"
"170350","1703","MACHACHI"
"170351","1703","ALÓAG"
"170352","1703","ALOASÍ"
"170353","1703","CUTUGLAHUA"
"170354","1703","EL CHAUPI"
"170355","1703","MANUEL CORNEJO ASTORGA (TANDAPI)"
"170356","1703","TAMBILLO"
"170357","1703","UYUMBICHO"
"170450","1704","TABACUNDO"
"170451","1704","LA ESPERANZA"
"170452","1704","MALCHINGUÍ"
"170453","1704","TOCACHI"
"170454","1704","TUPIGACHI"
"170501","1705","SANGOLQUÍ"
"170502","1705","SAN PEDRO DE TABOADA"
"170503","1705","SAN RAFAEL"
"170550","1705","SANGOLQUI"
"170551","1705","COTOGCHOA"
"170552","1705","RUMIPAMBA"
"170750","1707","SAN MIGUEL DE LOS BANCOS"
"170751","1707","MINDO"
"170752","1707","PEDRO VICENTE MALDONADO"
"170753","1707","PUERTO QUITO"
"170850","1708","PEDRO VICENTE MALDONADO"
"170950","1709","PUERTO QUITO"
"180101","1801","ATOCHA – FICOA"
"180102","1801","CELIANO MONGE"
"180103","1801","HUACHI CHICO"
"180104","1801","HUACHI LORETO"
"180105","1801","LA MERCED"
"180106","1801","LA PENÍNSULA"
"180107","1801","MATRIZ"
"180108","1801","PISHILATA"
"180109","1801","SAN FRANCISCO"
"180150","1801","AMBATO"
"180151","1801","AMBATILLO"
"180152","1801","ATAHUALPA (CHISALATA)"
"180153","1801","AUGUSTO N. MARTÍNEZ (MUNDUGLEO)"
"180154","1801","CONSTANTINO FERNÁNDEZ (CAB. EN CULLITAHUA)"
"180155","1801","HUACHI GRANDE"
"180156","1801","IZAMBA"
"180157","1801","JUAN BENIGNO VELA"
"180158","1801","MONTALVO"
"180159","1801","PASA"
"180160","1801","PICAIGUA"
"180161","1801","PILAGÜÍN (PILAHÜÍN)"
"180162","1801","QUISAPINCHA (QUIZAPINCHA)"
"180163","1801","SAN BARTOLOMÉ DE PINLLOG"
"180164","1801","SAN FERNANDO (PASA SAN FERNANDO)"
"180165","1801","SANTA ROSA"
"180166","1801","TOTORAS"
"180167","1801","CUNCHIBAMBA"
"180168","1801","UNAMUNCHO"
"180250","1802","BAÑOS DE AGUA SANTA"
"180251","1802","LLIGUA"
"180252","1802","RÍO NEGRO"
"180253","1802","RÍO VERDE"
"180254","1802","ULBA"
"180350","1803","CEVALLOS"
"180450","1804","MOCHA"
"180451","1804","PINGUILÍ"
"180550","1805","PATATE"
"180551","1805","EL TRIUNFO"
"180552","1805","LOS ANDES (CAB. EN POATUG)"
"180553","1805","SUCRE (CAB. EN SUCRE-PATATE URCU)"
"180650","1806","QUERO"
"180651","1806","RUMIPAMBA"
"180652","1806","YANAYACU - MOCHAPATA (CAB. EN YANAYACU)"
"180701","1807","PELILEO"
"180702","1807","PELILEO GRANDE"
"180750","1807","PELILEO"
"180751","1807","BENÍTEZ (PACHANLICA)"
"180752","1807","BOLÍVAR"
"180753","1807","COTALÓ"
"180754","1807","CHIQUICHA (CAB. EN CHIQUICHA GRANDE)"
"180755","1807","EL ROSARIO (RUMICHACA)"
"180756","1807","GARCÍA MORENO (CHUMAQUI)"
"180757","1807","GUAMBALÓ (HUAMBALÓ)"
"180758","1807","SALASACA"
"180801","1808","CIUDAD NUEVA"
"180802","1808","PÍLLARO"
"180850","1808","PÍLLARO"
"180851","1808","BAQUERIZO MORENO"
"180852","1808","EMILIO MARÍA TERÁN (RUMIPAMBA)"
"180853","1808","MARCOS ESPINEL (CHACATA)"
"180854","1808","PRESIDENTE URBINA (CHAGRAPAMBA -PATZUCUL)"
"180855","1808","SAN ANDRÉS"
"180856","1808","SAN JOSÉ DE POALÓ"
"180857","1808","SAN MIGUELITO"
"180950","1809","TISALEO"
"180951","1809","QUINCHICOTO"
"190101","1901","EL LIMÓN"
"190102","1901","ZAMORA"
"190150","1901","ZAMORA"
"190151","1901","CUMBARATZA"
"190152","1901","GUADALUPE"
"190153","1901","IMBANA (LA VICTORIA DE IMBANA)"
"190154","1901","PAQUISHA"
"190155","1901","SABANILLA"
"190156","1901","TIMBARA"
"190157","1901","ZUMBI"
"190158","1901","SAN CARLOS DE LAS MINAS"
"190250","1902","ZUMBA"
"190251","1902","CHITO"
"190252","1902","EL CHORRO"
"190253","1902","EL PORVENIR DEL CARMEN"
"190254","1902","LA CHONTA"
"190255","1902","PALANDA"
"190256","1902","PUCAPAMBA"
"190257","1902","SAN FRANCISCO DEL VERGEL"
"190258","1902","VALLADOLID"
"190259","1902","SAN ANDRÉS"
"190350","1903","GUAYZIMI"
"190351","1903","ZURMI"
"190352","1903","NUEVO PARAÍSO"
"190450","1904","28 DE MAYO (SAN JOSÉ DE YACUAMBI)"
"190451","1904","LA PAZ"
"190452","1904","TUTUPALI"
"190550","1905","YANTZAZA (YANZATZA)"
"190551","1905","CHICAÑA"
"190552","1905","EL PANGUI"
"190553","1905","LOS ENCUENTROS"
"190650","1906","EL PANGUI"
"190651","1906","EL GUISME"
"190652","1906","PACHICUTZA"
"190653","1906","TUNDAYME"
"190750","1907","ZUMBI"
"190751","1907","PAQUISHA"
"190752","1907","TRIUNFO-DORADO"
"190753","1907","PANGUINTZA"
"190850","1908","PALANDA"
"190851","1908","EL PORVENIR DEL CARMEN"
"190852","1908","SAN FRANCISCO DEL VERGEL"
"190853","1908","VALLADOLID"
"190854","1908","LA CANELA"
"190950","1909","PAQUISHA"
"190951","1909","BELLAVISTA"
"190952","1909","NUEVO QUITO"
"200150","2001","PUERTO BAQUERIZO MORENO"
"200151","2001","EL PROGRESO"
"200152","2001","ISLA SANTA MARÍA (FLOREANA) (CAB. EN PTO. VELASCO IBARRA)"
"200250","2002","PUERTO VILLAMIL"
"200251","2002","TOMÁS DE BERLANGA (SANTO TOMÁS)"
"200350","2003","PUERTO AYORA"
"200351","2003","BELLAVISTA"
"200352","2003","SANTA ROSA (INCLUYE LA ISLA BALTRA)"
"210150","2101","NUEVA LOJA"
"210151","2101","CUYABENO"
"210152","2101","DURENO"
"210153","2101","GENERAL FARFÁN"
"210154","2101","TARAPOA"
"210155","2101","EL ENO"
"210156","2101","PACAYACU"
"210157","2101","JAMBELÍ"
"210158","2101","SANTA CECILIA"
"210159","2101","AGUAS NEGRAS"
"210250","2102","EL DORADO DE CASCALES"
"210251","2102","EL REVENTADOR"
"210252","2102","GONZALO PIZARRO"
"210253","2102","LUMBAQUÍ"
"210254","2102","PUERTO LIBRE"
"210255","2102","SANTA ROSA DE SUCUMBÍOS"
"210350","2103","PUERTO EL CARMEN DEL PUTUMAYO"
"210351","2103","PALMA ROJA"
"210352","2103","PUERTO BOLÍVAR (PUERTO MONTÚFAR)"
"210353","2103","PUERTO RODRÍGUEZ"
"210354","2103","SANTA ELENA"
"210450","2104","SHUSHUFINDI"
"210451","2104","LIMONCOCHA"
"210452","2104","PAÑACOCHA"
"210453","2104","SAN ROQUE (CAB. EN SAN VICENTE)"
"210454","2104","SAN PEDRO DE LOS COFANES"
"210455","2104","SIETE DE JULIO"
"210550","2105","LA BONITA"
"210551","2105","EL PLAYÓN DE SAN FRANCISCO"
"210552","2105","LA SOFÍA"
"210553","2105","ROSA FLORIDA"
"210554","2105","SANTA BÁRBARA"
"210650","2106","EL DORADO DE CASCALES"
"210651","2106","SANTA ROSA DE SUCUMBÍOS"
"210652","2106","SEVILLA"
"210750","2107","TARAPOA"
"210751","2107","CUYABENO"
"210752","2107","AGUAS NEGRAS"
"220150","2201","PUERTO FRANCISCO DE ORELLANA (EL COCA)"
"220151","2201","DAYUMA"
"220152","2201","TARACOA (NUEVA ESPERANZA: YUCA)"
"220153","2201","ALEJANDRO LABAKA"
"220154","2201","EL DORADO"
"220155","2201","EL EDÉN"
"220156","2201","GARCÍA MORENO"
"220157","2201","INÉS ARANGO (CAB. EN WESTERN)"
"220158","2201","LA BELLEZA"
"220159","2201","NUEVO PARAÍSO (CAB. EN UNIÓN"
"220160","2201","SAN JOSÉ DE GUAYUSA"
"220161","2201","SAN LUIS DE ARMENIA"
"220201","2202","TIPITINI"
"220250","2202","NUEVO ROCAFUERTE"
"220251","2202","CAPITÁN AUGUSTO RIVADENEYRA"
"220252","2202","CONONACO"
"220253","2202","SANTA MARÍA DE HUIRIRIMA"
"220254","2202","TIPUTINI"
"220255","2202","YASUNÍ"
"220350","2203","LA JOYA DE LOS SACHAS"
"220351","2203","ENOKANQUI"
"220352","2203","POMPEYA"
"220353","2203","SAN CARLOS"
"220354","2203","SAN SEBASTIÁN DEL COCA"
"220355","2203","LAGO SAN PEDRO"
"220356","2203","RUMIPAMBA"
"220357","2203","TRES DE NOVIEMBRE"
"220358","2203","UNIÓN MILAGREÑA"
"220450","2204","LORETO"
"220451","2204","AVILA (CAB. EN HUIRUNO)"
"220452","2204","PUERTO MURIALDO"
"220453","2204","SAN JOSÉ DE PAYAMINO"
"220454","2204","SAN JOSÉ DE DAHUANO"
"220455","2204","SAN VICENTE DE HUATICOCHA"
"230101","2301","ABRAHAM CALAZACÓN"
"230102","2301","BOMBOLÍ"
"230103","2301","CHIGUILPE"
"230104","2301","RÍO TOACHI"
"230105","2301","RÍO VERDE"
"230106","2301","SANTO DOMINGO DE LOS COLORADOS"
"230107","2301","ZARACAY"
"230150","2301","SANTO DOMINGO DE LOS COLORADOS"
"230151","2301","ALLURIQUÍN"
"230152","2301","PUERTO LIMÓN"
"230153","2301","LUZ DE AMÉRICA"
"230154","2301","SAN JACINTO DEL BÚA"
"230155","2301","VALLE HERMOSO"
"230156","2301","EL ESFUERZO"
"230157","2301","SANTA MARÍA DEL TOACHI"
"240101","2401","BALLENITA"
"240102","2401","SANTA ELENA"
"240150","2401","SANTA ELENA"
"240151","2401","ATAHUALPA"
"240152","2401","COLONCHE"
"240153","2401","CHANDUY"
"240154","2401","MANGLARALTO"
"240155","2401","SIMÓN BOLÍVAR (JULIO MORENO)"
"240156","2401","SAN JOSÉ DE ANCÓN"
"240250","2402","LA LIBERTAD"
"240301","2403","CARLOS ESPINOZA LARREA"
"240302","2403","GRAL. ALBERTO ENRÍQUEZ GALLO"
"240303","2403","VICENTE ROCAFUERTE"
"240304","2403","SANTA ROSA"
"240350","2403","SALINAS"
"240351","2403","ANCONCITO"
"240352","2403","JOSÉ LUIS TAMAYO (MUEY)"
"900151","9001","LAS GOLONDRINAS"
"900351","9003","MANGA DEL CURA"
"900451","9004","EL PIEDRERO"
